match_id,market_type,outcome,team_code,ticker,last_price,volume,kickoff
OUTRIGHT-WC2026,outright_winner,Iraq,IRQ,KXMENWORLDCUP-26-IRQ,0.0100,0,
OUTRIGHT-WC2026,outright_winner,Congo DR,COD,KXMENWORLDCUP-26-COD,0.0100,0,
OUTRIGHT-WC2026,outright_winner,Bosnia and Herzegovina,BIH,KXMENWORLDCUP-26-BIH,0.0100,0,
OUTRIGHT-WC2026,outright_winner,Czechia,CZE,KXMENWORLDCUP-26-CZE,0.0100,0,
OUTRIGHT-WC2026,outright_winner,Panama,PAN,KXMENWORLDCUP-26-PAN,0.0010,0,
OUTRIGHT-WC2026,outright_winner,Haiti,HTI,KXMENWORLDCUP-26-HTI,0.0010,0,
OUTRIGHT-WC2026,outright_winner,Curacao,CUW,KXMENWORLDCUP-26-CUW,0.0010,0,
OUTRIGHT-WC2026,outright_winner,Ivory Coast,CIV,KXMENWORLDCUP-26-CIV,0.0030,0,
OUTRIGHT-WC2026,outright_winner,Qatar,QAT,KXMENWORLDCUP-26-QAT,0.0010,0,
OUTRIGHT-WC2026,outright_winner,South Africa,RSA,KXMENWORLDCUP-26-RSA,0.0020,0,
OUTRIGHT-WC2026,outright_winner,Cape Verde,CPV,KXMENWORLDCUP-26-CPV,0.0010,0,
OUTRIGHT-WC2026,outright_winner,Algeria,DZA,KXMENWORLDCUP-26-DZA,0.0020,0,
OUTRIGHT-WC2026,outright_winner,Egypt,EGY,KXMENWORLDCUP-26-EGY,0.0020,0,
OUTRIGHT-WC2026,outright_winner,Jordan,JOR,KXMENWORLDCUP-26-JOR,0.0010,0,
OUTRIGHT-WC2026,outright_winner,Uzbekistan,UZB,KXMENWORLDCUP-26-UZB,0.0010,0,
OUTRIGHT-WC2026,outright_winner,New Zealand,NZL,KXMENWORLDCUP-26-NZL,0.0010,0,
OUTRIGHT-WC2026,outright_winner,Tunisia,TN,KXMENWORLDCUP-26-TN,0.0010,0,
OUTRIGHT-WC2026,outright_winner,Saudi Arabia,SA,KXMENWORLDCUP-26-SA,0.0010,0,
OUTRIGHT-WC2026,outright_winner,Northern Ireland,NI,KXMENWORLDCUP-26-NI,0.0100,0,
OUTRIGHT-WC2026,outright_winner,Iran,IR,KXMENWORLDCUP-26-IR,0.0020,0,
OUTRIGHT-WC2026,outright_winner,Wales,WA,KXMENWORLDCUP-26-WA,0.0010,0,
OUTRIGHT-WC2026,outright_winner,Ukraine,UA,KXMENWORLDCUP-26-UA,0.0100,0,
OUTRIGHT-WC2026,outright_winner,Turkey,TR,KXMENWORLDCUP-26-TR,0.0080,0,
OUTRIGHT-WC2026,outright_winner,Scotland,SC,KXMENWORLDCUP-26-SC,0.0030,0,
OUTRIGHT-WC2026,outright_winner,Romania,RO,KXMENWORLDCUP-26-RO,0.0010,0,
OUTRIGHT-WC2026,outright_winner,Paraguay,PY,KXMENWORLDCUP-26-PY,0.0030,0,
OUTRIGHT-WC2026,outright_winner,Poland,PL,KXMENWORLDCUP-26-PL,0.0010,0,
OUTRIGHT-WC2026,outright_winner,South Korea,KR,KXMENWORLDCUP-26-KR,0.0030,0,
OUTRIGHT-WC2026,outright_winner,Republic of Ireland,IE,KXMENWORLDCUP-26-IE,0.0010,0,
OUTRIGHT-WC2026,outright_winner,Ghana,GH,KXMENWORLDCUP-26-GH,0.0020,0,
OUTRIGHT-WC2026,outright_winner,Australia,AU,KXMENWORLDCUP-26-AU,0.0020,0,
OUTRIGHT-WC2026,outright_winner,Senegal,SN,KXMENWORLDCUP-26-SN,0.0080,0,
OUTRIGHT-WC2026,outright_winner,Sweden,SE,KXMENWORLDCUP-26-SE,0.0040,0,
OUTRIGHT-WC2026,outright_winner,Norway,NO,KXMENWORLDCUP-26-NO,0.0190,0,
OUTRIGHT-WC2026,outright_winner,Mexico,MX,KXMENWORLDCUP-26-MX,0.0150,0,
OUTRIGHT-WC2026,outright_winner,Morocco,MA,KXMENWORLDCUP-26-MA,0.0190,0,
OUTRIGHT-WC2026,outright_winner,Japan,JP,KXMENWORLDCUP-26-JP,0.0180,0,
OUTRIGHT-WC2026,outright_winner,Ecuador,EC,KXMENWORLDCUP-26-EC,0.0070,0,
OUTRIGHT-WC2026,outright_winner,Denmark,DK,KXMENWORLDCUP-26-DK,0.0010,0,
OUTRIGHT-WC2026,outright_winner,Colombia,CO,KXMENWORLDCUP-26-CO,0.0190,0,
OUTRIGHT-WC2026,outright_winner,Switzerland,CH,KXMENWORLDCUP-26-CH,0.0090,0,
OUTRIGHT-WC2026,outright_winner,Canada,CA,KXMENWORLDCUP-26-CA,0.0050,0,
OUTRIGHT-WC2026,outright_winner,Austria,AT,KXMENWORLDCUP-26-AT,0.0040,0,
OUTRIGHT-WC2026,outright_winner,Uruguay,UY,KXMENWORLDCUP-26-UY,0.0120,0,
OUTRIGHT-WC2026,outright_winner,USA,US,KXMENWORLDCUP-26-US,0.0150,0,
OUTRIGHT-WC2026,outright_winner,Portugal,PT,KXMENWORLDCUP-26-PT,0.0850,0,
OUTRIGHT-WC2026,outright_winner,Netherlands,NL,KXMENWORLDCUP-26-NL,0.0360,0,
OUTRIGHT-WC2026,outright_winner,Italy,IT,KXMENWORLDCUP-26-IT,0.0010,0,
OUTRIGHT-WC2026,outright_winner,Croatia,HR,KXMENWORLDCUP-26-HR,0.0130,0,
OUTRIGHT-WC2026,outright_winner,England,GB,KXMENWORLDCUP-26-GB,0.1130,0,
OUTRIGHT-WC2026,outright_winner,Germany,DE,KXMENWORLDCUP-26-DE,0.0530,0,
OUTRIGHT-WC2026,outright_winner,Brazil,BR,KXMENWORLDCUP-26-BR,0.0910,0,
OUTRIGHT-WC2026,outright_winner,Belgium,BE,KXMENWORLDCUP-26-BE,0.0210,0,
OUTRIGHT-WC2026,outright_winner,Argentina,AR,KXMENWORLDCUP-26-AR,0.0960,0,
OUTRIGHT-WC2026,outright_winner,France,FR,KXMENWORLDCUP-26-FR,0.1820,0,
OUTRIGHT-WC2026,outright_winner,Spain,ES,KXMENWORLDCUP-26-ES,0.1640,0,
WC26-JOR-ARG-2026-06-27,match_1x2,draw,TIE,KXWCGAME-26JUN27JORARG-TIE,0.3700,0,2026-06-27
WC26-JOR-ARG-2026-06-27,match_1x2,home,JOR,KXWCGAME-26JUN27JORARG-JOR,0.0500,0,2026-06-27
WC26-JOR-ARG-2026-06-27,match_1x2,away,ARG,KXWCGAME-26JUN27JORARG-ARG,0.8100,0,2026-06-27
WC26-DZA-AUT-2026-06-27,match_1x2,draw,TIE,KXWCGAME-26JUN27DZAAUT-TIE,0.0500,0,2026-06-27
WC26-DZA-AUT-2026-06-27,match_1x2,home,DZA,KXWCGAME-26JUN27DZAAUT-DZA,0.5500,0,2026-06-27
WC26-DZA-AUT-2026-06-27,match_1x2,away,AUT,KXWCGAME-26JUN27DZAAUT-AUT,0.2500,0,2026-06-27
WC26-CRO-GHA-2026-06-27,match_1x2,draw,TIE,KXWCGAME-26JUN27CROGHA-TIE,0.0900,0,2026-06-27
WC26-CRO-GHA-2026-06-27,match_1x2,away,GHA,KXWCGAME-26JUN27CROGHA-GHA,0.0000,0,2026-06-27
WC26-CRO-GHA-2026-06-27,match_1x2,home,CRO,KXWCGAME-26JUN27CROGHA-CRO,0.2500,0,2026-06-27
WC26-COL-POR-2026-06-27,match_1x2,draw,TIE,KXWCGAME-26JUN27COLPOR-TIE,0.1600,0,2026-06-27
WC26-COL-POR-2026-06-27,match_1x2,away,POR,KXWCGAME-26JUN27COLPOR-POR,0.5200,0,2026-06-27
WC26-COL-POR-2026-06-27,match_1x2,home,COL,KXWCGAME-26JUN27COLPOR-COL,0.4200,0,2026-06-27
WC26-EGY-IRI-2026-06-26,match_1x2,draw,TIE,KXWCGAME-26JUN26EGYIRI-TIE,0.4600,0,2026-06-26
WC26-EGY-IRI-2026-06-26,match_1x2,away,IRI,KXWCGAME-26JUN26EGYIRI-IRI,0.3000,0,2026-06-26
WC26-EGY-IRI-2026-06-26,match_1x2,home,EGY,KXWCGAME-26JUN26EGYIRI-EGY,0.6000,0,2026-06-26
WC26-PAN-ENG-2026-06-27,match_1x2,draw,TIE,KXWCGAME-26JUN27PANENG-TIE,0.0500,0,2026-06-27
WC26-PAN-ENG-2026-06-27,match_1x2,home,PAN,KXWCGAME-26JUN27PANENG-PAN,0.2800,0,2026-06-27
WC26-PAN-ENG-2026-06-27,match_1x2,away,ENG,KXWCGAME-26JUN27PANENG-ENG,0.8100,0,2026-06-27
WC26-NZL-BEL-2026-06-26,match_1x2,draw,TIE,KXWCGAME-26JUN26NZLBEL-TIE,0.0000,0,2026-06-26
WC26-NZL-BEL-2026-06-26,match_1x2,home,NZL,KXWCGAME-26JUN26NZLBEL-NZL,0.0500,0,2026-06-26
WC26-NZL-BEL-2026-06-26,match_1x2,away,BEL,KXWCGAME-26JUN26NZLBEL-BEL,0.7800,0,2026-06-26
WC26-CPV-KSA-2026-06-26,match_1x2,draw,TIE,KXWCGAME-26JUN26CPVKSA-TIE,0.0000,0,2026-06-26
WC26-CPV-KSA-2026-06-26,match_1x2,away,KSA,KXWCGAME-26JUN26CPVKSA-KSA,0.0000,0,2026-06-26
WC26-CPV-KSA-2026-06-26,match_1x2,home,CPV,KXWCGAME-26JUN26CPVKSA-CPV,0.7800,0,2026-06-26
WC26-NOR-FRA-2026-06-26,match_1x2,draw,TIE,KXWCGAME-26JUN26NORFRA-TIE,0.1600,0,2026-06-26
WC26-NOR-FRA-2026-06-26,match_1x2,home,NOR,KXWCGAME-26JUN26NORFRA-NOR,0.5400,0,2026-06-26
WC26-NOR-FRA-2026-06-26,match_1x2,away,FRA,KXWCGAME-26JUN26NORFRA-FRA,0.5800,0,2026-06-26
WC26-URU-ESP-2026-06-26,match_1x2,home,URU,KXWCGAME-26JUN26URUESP-URU,0.4500,0,2026-06-26
WC26-URU-ESP-2026-06-26,match_1x2,draw,TIE,KXWCGAME-26JUN26URUESP-TIE,0.4500,0,2026-06-26
WC26-URU-ESP-2026-06-26,match_1x2,away,ESP,KXWCGAME-26JUN26URUESP-ESP,0.5000,0,2026-06-26
WC26-PAR-AUS-2026-06-25,match_1x2,draw,TIE,KXWCGAME-26JUN25PARAUS-TIE,0.0000,0,2026-06-25
WC26-PAR-AUS-2026-06-25,match_1x2,home,PAR,KXWCGAME-26JUN25PARAUS-PAR,0.7500,0,2026-06-25
WC26-PAR-AUS-2026-06-25,match_1x2,away,AUS,KXWCGAME-26JUN25PARAUS-AUS,0.5600,0,2026-06-25
WC26-TUN-NED-2026-06-25,match_1x2,home,TUN,KXWCGAME-26JUN25TUNNED-TUN,0.4700,0,2026-06-25
WC26-TUN-NED-2026-06-25,match_1x2,draw,TIE,KXWCGAME-26JUN25TUNNED-TIE,0.0000,0,2026-06-25
WC26-TUN-NED-2026-06-25,match_1x2,away,NED,KXWCGAME-26JUN25TUNNED-NED,0.7900,0,2026-06-25
WC26-CUW-CIV-2026-06-25,match_1x2,draw,TIE,KXWCGAME-26JUN25CUWCIV-TIE,0.1000,0,2026-06-25
WC26-CUW-CIV-2026-06-25,match_1x2,home,CUW,KXWCGAME-26JUN25CUWCIV-CUW,0.0000,0,2026-06-25
WC26-CUW-CIV-2026-06-25,match_1x2,away,CIV,KXWCGAME-26JUN25CUWCIV-CIV,0.1500,0,2026-06-25
WC26-ECU-GER-2026-06-25,match_1x2,draw,TIE,KXWCGAME-26JUN25ECUGER-TIE,0.4500,0,2026-06-25
WC26-ECU-GER-2026-06-25,match_1x2,away,GER,KXWCGAME-26JUN25ECUGER-GER,0.6400,0,2026-06-25
WC26-ECU-GER-2026-06-25,match_1x2,home,ECU,KXWCGAME-26JUN25ECUGER-ECU,0.2000,0,2026-06-25
WC26-RSA-KOR-2026-06-24,match_1x2,draw,TIE,KXWCGAME-26JUN24RSAKOR-TIE,0.4900,0,2026-06-24
WC26-RSA-KOR-2026-06-24,match_1x2,home,RSA,KXWCGAME-26JUN24RSAKOR-RSA,0.5700,0,2026-06-24
WC26-RSA-KOR-2026-06-24,match_1x2,away,KOR,KXWCGAME-26JUN24RSAKOR-KOR,0.3500,0,2026-06-24
WC26-SCO-BRA-2026-06-24,match_1x2,draw,TIE,KXWCGAME-26JUN24SCOBRA-TIE,0.4000,0,2026-06-24
WC26-SCO-BRA-2026-06-24,match_1x2,home,SCO,KXWCGAME-26JUN24SCOBRA-SCO,0.2100,0,2026-06-24
WC26-SCO-BRA-2026-06-24,match_1x2,away,BRA,KXWCGAME-26JUN24SCOBRA-BRA,0.4800,0,2026-06-24
WC26-MAR-HTI-2026-06-24,match_1x2,draw,TIE,KXWCGAME-26JUN24MARHTI-TIE,0.0000,0,2026-06-24
WC26-MAR-HTI-2026-06-24,match_1x2,home,MAR,KXWCGAME-26JUN24MARHTI-MAR,0.7500,0,2026-06-24
WC26-MAR-HTI-2026-06-24,match_1x2,away,HTI,KXWCGAME-26JUN24MARHTI-HTI,0.4800,0,2026-06-24
WC26-PAN-CRO-2026-06-23,match_1x2,draw,TIE,KXWCGAME-26JUN23PANCRO-TIE,0.0000,0,2026-06-23
WC26-PAN-CRO-2026-06-23,match_1x2,home,PAN,KXWCGAME-26JUN23PANCRO-PAN,0.4500,0,2026-06-23
WC26-PAN-CRO-2026-06-23,match_1x2,away,CRO,KXWCGAME-26JUN23PANCRO-CRO,0.3500,0,2026-06-23
WC26-SUI-CAN-2026-06-24,match_1x2,draw,TIE,KXWCGAME-26JUN24SUICAN-TIE,0.5400,0,2026-06-24
WC26-SUI-CAN-2026-06-24,match_1x2,home,SUI,KXWCGAME-26JUN24SUICAN-SUI,0.2500,0,2026-06-24
WC26-SUI-CAN-2026-06-24,match_1x2,away,CAN,KXWCGAME-26JUN24SUICAN-CAN,0.6100,0,2026-06-24
WC26-ENG-GHA-2026-06-23,match_1x2,draw,TIE,KXWCGAME-26JUN23ENGGHA-TIE,0.2800,0,2026-06-23
WC26-ENG-GHA-2026-06-23,match_1x2,away,GHA,KXWCGAME-26JUN23ENGGHA-GHA,0.2900,0,2026-06-23
WC26-ENG-GHA-2026-06-23,match_1x2,home,ENG,KXWCGAME-26JUN23ENGGHA-ENG,0.6600,0,2026-06-23
WC26-POR-UZB-2026-06-23,match_1x2,away,UZB,KXWCGAME-26JUN23PORUZB-UZB,0.3700,0,2026-06-23
WC26-POR-UZB-2026-06-23,match_1x2,draw,TIE,KXWCGAME-26JUN23PORUZB-TIE,0.0000,0,2026-06-23
WC26-POR-UZB-2026-06-23,match_1x2,home,POR,KXWCGAME-26JUN23PORUZB-POR,0.7900,0,2026-06-23
WC26-JOR-DZA-2026-06-22,match_1x2,draw,TIE,KXWCGAME-26JUN22JORDZA-TIE,0.0000,0,2026-06-22
WC26-JOR-DZA-2026-06-22,match_1x2,home,JOR,KXWCGAME-26JUN22JORDZA-JOR,0.4800,0,2026-06-22
WC26-JOR-DZA-2026-06-22,match_1x2,away,DZA,KXWCGAME-26JUN22JORDZA-DZA,0.2500,0,2026-06-22
WC26-ARG-AUT-2026-06-22,match_1x2,draw,TIE,KXWCGAME-26JUN22ARGAUT-TIE,0.5800,0,2026-06-22
WC26-ARG-AUT-2026-06-22,match_1x2,away,AUT,KXWCGAME-26JUN22ARGAUT-AUT,0.2600,0,2026-06-22
WC26-ARG-AUT-2026-06-22,match_1x2,home,ARG,KXWCGAME-26JUN22ARGAUT-ARG,0.5900,0,2026-06-22
WC26-NOR-SEN-2026-06-22,match_1x2,draw,TIE,KXWCGAME-26JUN22NORSEN-TIE,0.6100,0,2026-06-22
WC26-NOR-SEN-2026-06-22,match_1x2,away,SEN,KXWCGAME-26JUN22NORSEN-SEN,0.3700,0,2026-06-22
WC26-NOR-SEN-2026-06-22,match_1x2,home,NOR,KXWCGAME-26JUN22NORSEN-NOR,0.5000,0,2026-06-22
WC26-NZL-EGY-2026-06-21,match_1x2,draw,TIE,KXWCGAME-26JUN21NZLEGY-TIE,0.4000,0,2026-06-21
WC26-NZL-EGY-2026-06-21,match_1x2,home,NZL,KXWCGAME-26JUN21NZLEGY-NZL,0.2800,0,2026-06-21
WC26-NZL-EGY-2026-06-21,match_1x2,away,EGY,KXWCGAME-26JUN21NZLEGY-EGY,0.4400,0,2026-06-21
WC26-URU-CPV-2026-06-21,match_1x2,home,URU,KXWCGAME-26JUN21URUCPV-URU,0.7000,0,2026-06-21
WC26-URU-CPV-2026-06-21,match_1x2,draw,TIE,KXWCGAME-26JUN21URUCPV-TIE,0.4900,0,2026-06-21
WC26-URU-CPV-2026-06-21,match_1x2,away,CPV,KXWCGAME-26JUN21URUCPV-CPV,0.4600,0,2026-06-21
WC26-BEL-IRI-2026-06-21,match_1x2,draw,TIE,KXWCGAME-26JUN21BELIRI-TIE,0.5000,0,2026-06-21
WC26-BEL-IRI-2026-06-21,match_1x2,away,IRI,KXWCGAME-26JUN21BELIRI-IRI,0.4500,0,2026-06-21
WC26-BEL-IRI-2026-06-21,match_1x2,home,BEL,KXWCGAME-26JUN21BELIRI-BEL,0.7900,0,2026-06-21
WC26-TUN-JPN-2026-06-21,match_1x2,home,TUN,KXWCGAME-26JUN21TUNJPN-TUN,0.3800,0,2026-06-21
WC26-TUN-JPN-2026-06-21,match_1x2,draw,TIE,KXWCGAME-26JUN21TUNJPN-TIE,0.5000,0,2026-06-21
WC26-TUN-JPN-2026-06-21,match_1x2,away,JPN,KXWCGAME-26JUN21TUNJPN-JPN,0.6000,0,2026-06-21
WC26-ESP-KSA-2026-06-21,match_1x2,draw,TIE,KXWCGAME-26JUN21ESPKSA-TIE,0.0700,0,2026-06-21
WC26-ESP-KSA-2026-06-21,match_1x2,away,KSA,KXWCGAME-26JUN21ESPKSA-KSA,0.1000,0,2026-06-21
WC26-ESP-KSA-2026-06-21,match_1x2,home,ESP,KXWCGAME-26JUN21ESPKSA-ESP,0.8400,0,2026-06-21
WC26-ECU-CUW-2026-06-20,match_1x2,draw,TIE,KXWCGAME-26JUN20ECUCUW-TIE,0.0500,0,2026-06-20
WC26-ECU-CUW-2026-06-20,match_1x2,home,ECU,KXWCGAME-26JUN20ECUCUW-ECU,0.6500,0,2026-06-20
WC26-ECU-CUW-2026-06-20,match_1x2,away,CUW,KXWCGAME-26JUN20ECUCUW-CUW,0.0300,0,2026-06-20
WC26-BRA-HTI-2026-06-19,match_1x2,draw,TIE,KXWCGAME-26JUN19BRAHTI-TIE,0.0300,0,2026-06-19
WC26-BRA-HTI-2026-06-19,match_1x2,away,HTI,KXWCGAME-26JUN19BRAHTI-HTI,0.0900,0,2026-06-19
WC26-BRA-HTI-2026-06-19,match_1x2,home,BRA,KXWCGAME-26JUN19BRAHTI-BRA,0.9500,0,2026-06-19
WC26-GER-CIV-2026-06-20,match_1x2,draw,TIE,KXWCGAME-26JUN20GERCIV-TIE,0.0000,0,2026-06-20
WC26-GER-CIV-2026-06-20,match_1x2,home,GER,KXWCGAME-26JUN20GERCIV-GER,0.7600,0,2026-06-20
WC26-GER-CIV-2026-06-20,match_1x2,away,CIV,KXWCGAME-26JUN20GERCIV-CIV,0.3500,0,2026-06-20
WC26-SCO-MAR-2026-06-19,match_1x2,draw,TIE,KXWCGAME-26JUN19SCOMAR-TIE,0.0600,0,2026-06-19
WC26-SCO-MAR-2026-06-19,match_1x2,home,SCO,KXWCGAME-26JUN19SCOMAR-SCO,0.5800,0,2026-06-19
WC26-SCO-MAR-2026-06-19,match_1x2,away,MAR,KXWCGAME-26JUN19SCOMAR-MAR,0.6900,0,2026-06-19
WC26-USA-AUS-2026-06-19,match_1x2,home,USA,KXWCGAME-26JUN19USAAUS-USA,0.5500,0,2026-06-19
WC26-USA-AUS-2026-06-19,match_1x2,draw,TIE,KXWCGAME-26JUN19USAAUS-TIE,0.1200,0,2026-06-19
WC26-USA-AUS-2026-06-19,match_1x2,away,AUS,KXWCGAME-26JUN19USAAUS-AUS,0.4000,0,2026-06-19
WC26-MEX-KOR-2026-06-18,match_1x2,draw,TIE,KXWCGAME-26JUN18MEXKOR-TIE,0.4000,0,2026-06-18
WC26-MEX-KOR-2026-06-18,match_1x2,home,MEX,KXWCGAME-26JUN18MEXKOR-MEX,0.5500,0,2026-06-18
WC26-MEX-KOR-2026-06-18,match_1x2,away,KOR,KXWCGAME-26JUN18MEXKOR-KOR,0.4500,0,2026-06-18
WC26-UZB-COL-2026-06-17,match_1x2,home,UZB,KXWCGAME-26JUN17UZBCOL-UZB,0.1500,0,2026-06-17
WC26-UZB-COL-2026-06-17,match_1x2,draw,TIE,KXWCGAME-26JUN17UZBCOL-TIE,0.2000,0,2026-06-17
WC26-UZB-COL-2026-06-17,match_1x2,away,COL,KXWCGAME-26JUN17UZBCOL-COL,0.7100,0,2026-06-17
WC26-ENG-CRO-2026-06-17,match_1x2,draw,TIE,KXWCGAME-26JUN17ENGCRO-TIE,0.2500,0,2026-06-17
WC26-ENG-CRO-2026-06-17,match_1x2,home,ENG,KXWCGAME-26JUN17ENGCRO-ENG,0.5800,0,2026-06-17
WC26-ENG-CRO-2026-06-17,match_1x2,away,CRO,KXWCGAME-26JUN17ENGCRO-CRO,0.1900,0,2026-06-17
WC26-CAN-QAT-2026-06-18,match_1x2,draw,TIE,KXWCGAME-26JUN18CANQAT-TIE,0.3600,0,2026-06-18
WC26-CAN-QAT-2026-06-18,match_1x2,away,QAT,KXWCGAME-26JUN18CANQAT-QAT,0.3200,0,2026-06-18
WC26-CAN-QAT-2026-06-18,match_1x2,home,CAN,KXWCGAME-26JUN18CANQAT-CAN,0.6900,0,2026-06-18
WC26-GHA-PAN-2026-06-17,match_1x2,draw,TIE,KXWCGAME-26JUN17GHAPAN-TIE,0.2600,0,2026-06-17
WC26-GHA-PAN-2026-06-17,match_1x2,away,PAN,KXWCGAME-26JUN17GHAPAN-PAN,0.2800,0,2026-06-17
WC26-GHA-PAN-2026-06-17,match_1x2,home,GHA,KXWCGAME-26JUN17GHAPAN-GHA,0.4800,0,2026-06-17
WC26-AUT-JOR-2026-06-17,match_1x2,draw,TIE,KXWCGAME-26JUN17AUTJOR-TIE,0.1400,0,2026-06-17
WC26-AUT-JOR-2026-06-17,match_1x2,away,JOR,KXWCGAME-26JUN17AUTJOR-JOR,0.5600,0,2026-06-17
WC26-AUT-JOR-2026-06-17,match_1x2,home,AUT,KXWCGAME-26JUN17AUTJOR-AUT,0.7300,0,2026-06-17
WC26-ARG-DZA-2026-06-16,match_1x2,draw,TIE,KXWCGAME-26JUN16ARGDZA-TIE,0.1600,0,2026-06-16
WC26-ARG-DZA-2026-06-16,match_1x2,away,DZA,KXWCGAME-26JUN16ARGDZA-DZA,0.1400,0,2026-06-16
WC26-ARG-DZA-2026-06-16,match_1x2,home,ARG,KXWCGAME-26JUN16ARGDZA-ARG,0.7400,0,2026-06-16
WC26-FRA-SEN-2026-06-16,match_1x2,draw,TIE,KXWCGAME-26JUN16FRASEN-TIE,0.1900,0,2026-06-16
WC26-FRA-SEN-2026-06-16,match_1x2,away,SEN,KXWCGAME-26JUN16FRASEN-SEN,0.1400,0,2026-06-16
WC26-FRA-SEN-2026-06-16,match_1x2,home,FRA,KXWCGAME-26JUN16FRASEN-FRA,0.7200,0,2026-06-16
WC26-IRI-NZL-2026-06-15,match_1x2,draw,TIE,KXWCGAME-26JUN15IRINZL-TIE,0.3700,0,2026-06-15
WC26-IRI-NZL-2026-06-15,match_1x2,away,NZL,KXWCGAME-26JUN15IRINZL-NZL,0.3800,0,2026-06-15
WC26-IRI-NZL-2026-06-15,match_1x2,home,IRI,KXWCGAME-26JUN15IRINZL-IRI,0.5600,0,2026-06-15
WC26-BEL-EGY-2026-06-15,match_1x2,draw,TIE,KXWCGAME-26JUN15BELEGY-TIE,0.2400,0,2026-06-15
WC26-BEL-EGY-2026-06-15,match_1x2,away,EGY,KXWCGAME-26JUN15BELEGY-EGY,0.2400,0,2026-06-15
WC26-BEL-EGY-2026-06-15,match_1x2,home,BEL,KXWCGAME-26JUN15BELEGY-BEL,0.7700,0,2026-06-15
WC26-KSA-URU-2026-06-15,match_1x2,away,URU,KXWCGAME-26JUN15KSAURU-URU,0.6700,0,2026-06-15
WC26-KSA-URU-2026-06-15,match_1x2,draw,TIE,KXWCGAME-26JUN15KSAURU-TIE,0.2300,0,2026-06-15
WC26-KSA-URU-2026-06-15,match_1x2,home,KSA,KXWCGAME-26JUN15KSAURU-KSA,0.1200,0,2026-06-15
WC26-CIV-ECU-2026-06-14,match_1x2,draw,TIE,KXWCGAME-26JUN14CIVECU-TIE,0.3400,0,2026-06-14
WC26-CIV-ECU-2026-06-14,match_1x2,away,ECU,KXWCGAME-26JUN14CIVECU-ECU,0.4500,0,2026-06-14
WC26-CIV-ECU-2026-06-14,match_1x2,home,CIV,KXWCGAME-26JUN14CIVECU-CIV,0.2700,0,2026-06-14
WC26-ESP-CPV-2026-06-15,match_1x2,draw,TIE,KXWCGAME-26JUN15ESPCPV-TIE,0.0900,0,2026-06-15
WC26-ESP-CPV-2026-06-15,match_1x2,home,ESP,KXWCGAME-26JUN15ESPCPV-ESP,0.9300,0,2026-06-15
WC26-ESP-CPV-2026-06-15,match_1x2,away,CPV,KXWCGAME-26JUN15ESPCPV-CPV,0.0600,0,2026-06-15
WC26-GER-CUW-2026-06-14,match_1x2,draw,TIE,KXWCGAME-26JUN14GERCUW-TIE,0.0600,0,2026-06-14
WC26-GER-CUW-2026-06-14,match_1x2,home,GER,KXWCGAME-26JUN14GERCUW-GER,0.9600,0,2026-06-14
WC26-GER-CUW-2026-06-14,match_1x2,away,CUW,KXWCGAME-26JUN14GERCUW-CUW,0.0300,0,2026-06-14
WC26-NED-JPN-2026-06-14,match_1x2,draw,TIE,KXWCGAME-26JUN14NEDJPN-TIE,0.2600,0,2026-06-14
WC26-NED-JPN-2026-06-14,match_1x2,home,NED,KXWCGAME-26JUN14NEDJPN-NED,0.4900,0,2026-06-14
WC26-NED-JPN-2026-06-14,match_1x2,away,JPN,KXWCGAME-26JUN14NEDJPN-JPN,0.3200,0,2026-06-14
WC26-HTI-SCO-2026-06-13,match_1x2,draw,TIE,KXWCGAME-26JUN13HTISCO-TIE,0.1800,0,2026-06-13
WC26-HTI-SCO-2026-06-13,match_1x2,away,SCO,KXWCGAME-26JUN13HTISCO-SCO,0.6800,0,2026-06-13
WC26-HTI-SCO-2026-06-13,match_1x2,home,HTI,KXWCGAME-26JUN13HTISCO-HTI,0.1600,0,2026-06-13
WC26-QAT-SUI-2026-06-13,match_1x2,draw,TIE,KXWCGAME-26JUN13QATSUI-TIE,0.1800,0,2026-06-13
WC26-QAT-SUI-2026-06-13,match_1x2,away,SUI,KXWCGAME-26JUN13QATSUI-SUI,0.7500,0,2026-06-13
WC26-QAT-SUI-2026-06-13,match_1x2,home,QAT,KXWCGAME-26JUN13QATSUI-QAT,0.1000,0,2026-06-13
WC26-BRA-MAR-2026-06-13,match_1x2,draw,TIE,KXWCGAME-26JUN13BRAMAR-TIE,0.2300,0,2026-06-13
WC26-BRA-MAR-2026-06-13,match_1x2,away,MAR,KXWCGAME-26JUN13BRAMAR-MAR,0.1300,0,2026-06-13
WC26-BRA-MAR-2026-06-13,match_1x2,home,BRA,KXWCGAME-26JUN13BRAMAR-BRA,0.6200,0,2026-06-13
WC26-USA-PAR-2026-06-12,match_1x2,home,USA,KXWCGAME-26JUN12USAPAR-USA,0.4900,0,2026-06-12
WC26-USA-PAR-2026-06-12,match_1x2,draw,TIE,KXWCGAME-26JUN12USAPAR-TIE,0.2400,0,2026-06-12
WC26-USA-PAR-2026-06-12,match_1x2,away,PAR,KXWCGAME-26JUN12USAPAR-PAR,0.2600,0,2026-06-12
WC26-MEX-RSA-2026-06-11,match_1x2,draw,TIE,KXWCGAME-26JUN11MEXRSA-TIE,0.2200,0,2026-06-11
WC26-MEX-RSA-2026-06-11,match_1x2,away,RSA,KXWCGAME-26JUN11MEXRSA-RSA,0.1600,0,2026-06-11
WC26-MEX-RSA-2026-06-11,match_1x2,home,MEX,KXWCGAME-26JUN11MEXRSA-MEX,0.6700,0,2026-06-11
GROUP-L-WC2026,group_winner,Panama,PAN,KXWCGROUPWIN-26L-PAN,0.0300,0,
GROUP-L-WC2026,group_winner,Ghana,GHA,KXWCGROUPWIN-26L-GHA,0.0800,0,
GROUP-L-WC2026,group_winner,England,ENG,KXWCGROUPWIN-26L-ENG,0.7200,0,
GROUP-L-WC2026,group_winner,Croatia,CRO,KXWCGROUPWIN-26L-CRO,0.2500,0,
GROUP-K-WC2026,group_winner,Uzbekistan,UZB,KXWCGROUPWIN-26K-UZB,0.0100,0,
GROUP-K-WC2026,group_winner,Portugal,POR,KXWCGROUPWIN-26K-POR,0.6400,0,
GROUP-K-WC2026,group_winner,New Caledonia,NCL,KXWCGROUPWIN-26K-NCL,0.0100,0,
GROUP-K-WC2026,group_winner,Jamaica,JAM,KXWCGROUPWIN-26K-JAM,0.0100,0,
GROUP-K-WC2026,group_winner,Colombia,COL,KXWCGROUPWIN-26K-COL,0.2700,0,
GROUP-K-WC2026,group_winner,Congo DR,COD,KXWCGROUPWIN-26K-COD,0.0600,0,
GROUP-J-WC2026,group_winner,Jordan,JOR,KXWCGROUPWIN-26J-JOR,0.0200,0,
GROUP-J-WC2026,group_winner,Algeria,DZA,KXWCGROUPWIN-26J-DZA,0.1000,0,
GROUP-J-WC2026,group_winner,Austria,AUT,KXWCGROUPWIN-26J-AUT,0.1500,0,
GROUP-J-WC2026,group_winner,Argentina,ARG,KXWCGROUPWIN-26J-ARG,0.7500,0,
GROUP-I-WC2026,group_winner,Suriname,SUR,KXWCGROUPWIN-26I-SUR,0.0100,0,
GROUP-I-WC2026,group_winner,Senegal,SEN,KXWCGROUPWIN-26I-SEN,0.1000,0,
GROUP-I-WC2026,group_winner,Norway,NOR,KXWCGROUPWIN-26I-NOR,0.2300,0,
GROUP-I-WC2026,group_winner,Iraq,IRQ,KXWCGROUPWIN-26I-IRQ,0.0200,0,
GROUP-I-WC2026,group_winner,France,FRA,KXWCGROUPWIN-26I-FRA,0.6900,0,
GROUP-I-WC2026,group_winner,Bolivia,BOL,KXWCGROUPWIN-26I-BOL,0.0100,0,
GROUP-H-WC2026,group_winner,Uruguay,URU,KXWCGROUPWIN-26H-URU,0.1800,0,
GROUP-H-WC2026,group_winner,Saudi Arabia,KSA,KXWCGROUPWIN-26H-KSA,0.0300,0,
GROUP-H-WC2026,group_winner,Spain,ESP,KXWCGROUPWIN-26H-ESP,0.7800,0,
GROUP-H-WC2026,group_winner,Cape Verde,CPV,KXWCGROUPWIN-26H-CPV,0.0200,0,
GROUP-G-WC2026,group_winner,New Zealand,NZL,KXWCGROUPWIN-26G-NZL,0.0400,0,
GROUP-G-WC2026,group_winner,IR Iran,IRI,KXWCGROUPWIN-26G-IRI,0.1000,0,
GROUP-G-WC2026,group_winner,Egypt,EGY,KXWCGROUPWIN-26G-EGY,0.1700,0,
GROUP-G-WC2026,group_winner,Belgium,BEL,KXWCGROUPWIN-26G-BEL,0.6900,0,
GROUP-F-WC2026,group_winner,Ukraine,UKR,KXWCGROUPWIN-26F-UKR,0.0200,0,
GROUP-F-WC2026,group_winner,Tunisia,TUN,KXWCGROUPWIN-26F-TUN,0.0500,0,
GROUP-F-WC2026,group_winner,Sweden,SWE,KXWCGROUPWIN-26F-SWE,0.1700,0,
GROUP-F-WC2026,group_winner,Poland,POL,KXWCGROUPWIN-26F-POL,0.0100,0,
GROUP-F-WC2026,group_winner,Netherlands,NED,KXWCGROUPWIN-26F-NED,0.5600,0,
GROUP-F-WC2026,group_winner,Japan,JPN,KXWCGROUPWIN-26F-JPN,0.2500,0,
GROUP-F-WC2026,group_winner,Albania,ALB,KXWCGROUPWIN-26F-ALB,0.0100,0,
GROUP-E-WC2026,group_winner,Germany,GER,KXWCGROUPWIN-26E-GER,0.7000,0,
GROUP-E-WC2026,group_winner,Ecuador,ECU,KXWCGROUPWIN-26E-ECU,0.2300,0,
GROUP-E-WC2026,group_winner,Curacao,CUW,KXWCGROUPWIN-26E-CUW,0.0100,0,
GROUP-E-WC2026,group_winner,Ivory Coast,CIV,KXWCGROUPWIN-26E-CIV,0.1200,0,
GROUP-D-WC2026,group_winner,USA,USA,KXWCGROUPWIN-26D-USA,0.4500,0,
GROUP-D-WC2026,group_winner,Turkiye,TUR,KXWCGROUPWIN-26D-TUR,0.3600,0,
GROUP-D-WC2026,group_winner,Slovakia,SVK,KXWCGROUPWIN-26D-SVK,0.0100,0,
GROUP-D-WC2026,group_winner,Romania,ROU,KXWCGROUPWIN-26D-ROU,0.0200,0,
GROUP-D-WC2026,group_winner,Paraguay,PAR,KXWCGROUPWIN-26D-PAR,0.1600,0,
GROUP-D-WC2026,group_winner,Kosovo,KOS,KXWCGROUPWIN-26D-KOS,0.0100,0,
GROUP-D-WC2026,group_winner,Australia,AUS,KXWCGROUPWIN-26D-AUS,0.0900,0,
GROUP-C-WC2026,group_winner,Scotland,SCO,KXWCGROUPWIN-26C-SCO,0.0600,0,
GROUP-C-WC2026,group_winner,Morocco,MAR,KXWCGROUPWIN-26C-MAR,0.2400,0,
GROUP-C-WC2026,group_winner,Haiti,HTI,KXWCGROUPWIN-26C-HTI,0.0100,0,
GROUP-C-WC2026,group_winner,Brazil,BRA,KXWCGROUPWIN-26C-BRA,0.7500,0,
GROUP-B-WC2026,group_winner,Wales,WAL,KXWCGROUPWIN-26B-WAL,0.0100,0,
GROUP-B-WC2026,group_winner,Switzerland,SUI,KXWCGROUPWIN-26B-SUI,0.5200,0,
GROUP-B-WC2026,group_winner,Qatar,QAT,KXWCGROUPWIN-26B-QAT,0.0200,0,
GROUP-B-WC2026,group_winner,Northern Ireland,NIR,KXWCGROUPWIN-26B-NIR,0.0100,0,
GROUP-B-WC2026,group_winner,Italy,ITA,KXWCGROUPWIN-26B-ITA,0.0100,0,
GROUP-B-WC2026,group_winner,Canada,CAN,KXWCGROUPWIN-26B-CAN,0.2700,0,
GROUP-B-WC2026,group_winner,Bosnia and Herzegovina,BIH,KXWCGROUPWIN-26B-BIH,0.1700,0,
GROUP-A-WC2026,group_winner,South Africa,RSA,KXWCGROUPWIN-26A-RSA,0.0600,0,
GROUP-A-WC2026,group_winner,North Macedonia,MKD,KXWCGROUPWIN-26A-MKD,0.0100,0,
GROUP-A-WC2026,group_winner,Mexico,MEX,KXWCGROUPWIN-26A-MEX,0.5000,0,
GROUP-A-WC2026,group_winner,Korea Republic,KOR,KXWCGROUPWIN-26A-KOR,0.2400,0,
GROUP-A-WC2026,group_winner,Ireland,IRL,KXWCGROUPWIN-26A-IRL,0.0800,0,
GROUP-A-WC2026,group_winner,Denmark,DEN,KXWCGROUPWIN-26A-DEN,0.0100,0,
GROUP-A-WC2026,group_winner,Czechia,CZE,KXWCGROUPWIN-26A-CZE,0.2200,0,
GOLDENBOOT-WC2026,top_scorer,Vinicius Junior,,KXWCGOALLEADER-26-VJUN,0.0300,0,
GOLDENBOOT-WC2026,top_scorer,Scott McTominay,,KXWCGOALLEADER-26-SMCT,0.0100,0,
GOLDENBOOT-WC2026,top_scorer,Rodrygo,,KXWCGOALLEADER-26-RODR,0.0100,0,
GOLDENBOOT-WC2026,top_scorer,Romelu Lukaku,,KXWCGOALLEADER-26-RLUK,0.0300,0,
GOLDENBOOT-WC2026,top_scorer,Randal Kolo Muani,,KXWCGOALLEADER-26-RKOL,0.0100,0,
GOLDENBOOT-WC2026,top_scorer,Richarlison,,KXWCGOALLEADER-26-RICH,0.0100,0,
GOLDENBOOT-WC2026,top_scorer,Raphinha,,KXWCGOALLEADER-26-RAPH,0.0300,0,
GOLDENBOOT-WC2026,top_scorer,Phil Foden,,KXWCGOALLEADER-26-PFOD,0.0100,0,
GOLDENBOOT-WC2026,top_scorer,Ousmane Dembele,,KXWCGOALLEADER-26-ODEM,0.0500,0,
GOLDENBOOT-WC2026,top_scorer,Nick Woltemade,,KXWCGOALLEADER-26-NWOL,0.0200,0,
GOLDENBOOT-WC2026,top_scorer,Mohamed Salah,,KXWCGOALLEADER-26-MSAL,0.0100,0,
GOLDENBOOT-WC2026,top_scorer,Mikel Oyarzabal,,KXWCGOALLEADER-26-MOYA,0.0900,0,
GOLDENBOOT-WC2026,top_scorer,Memphis Depay,,KXWCGOALLEADER-26-MDEP,0.0100,0,
GOLDENBOOT-WC2026,top_scorer,Matheus Cunha,,KXWCGOALLEADER-26-MCUN,0.0100,0,
GOLDENBOOT-WC2026,top_scorer,Lamine Yamal,,KXWCGOALLEADER-26-LYAM,0.0500,0,
GOLDENBOOT-WC2026,top_scorer,Lionel Messi,,KXWCGOALLEADER-26-LMES,0.0400,0,
GOLDENBOOT-WC2026,top_scorer,Lautaro Martinez,,KXWCGOALLEADER-26-LMAR,0.0300,0,
GOLDENBOOT-WC2026,top_scorer,Luis Diaz,,KXWCGOALLEADER-26-LDIA,0.0300,0,
GOLDENBOOT-WC2026,top_scorer,Kylian Mbappe,,KXWCGOALLEADER-26-KMBA,0.1700,0,
GOLDENBOOT-WC2026,top_scorer,Jonathan David,,KXWCGOALLEADER-26-JDAV,0.0100,0,
GOLDENBOOT-WC2026,top_scorer,Julian Alvarez,,KXWCGOALLEADER-26-JALV,0.0400,0,
GOLDENBOOT-WC2026,top_scorer,Son Heung-min,,KXWCGOALLEADER-26-HSON,0.0100,0,
GOLDENBOOT-WC2026,top_scorer,Harry Kane,,KXWCGOALLEADER-26-HKAN,0.1200,0,
GOLDENBOOT-WC2026,top_scorer,Ferran Torres,,KXWCGOALLEADER-26-FTOR,0.0200,0,
GOLDENBOOT-WC2026,top_scorer,Erling Haaland,,KXWCGOALLEADER-26-EHAA,0.0700,0,
GOLDENBOOT-WC2026,top_scorer,Darwin Nunez,,KXWCGOALLEADER-26-DNUN,0.0100,0,
GOLDENBOOT-WC2026,top_scorer,Cristiano Ronaldo,,KXWCGOALLEADER-26-CRON,0.0300,0,
GOLDENBOOT-WC2026,top_scorer,Christian Pulisic,,KXWCGOALLEADER-26-CPUL,0.0200,0,
GOLDENBOOT-WC2026,top_scorer,Cody Gakpo,,KXWCGOALLEADER-26-CGAK,0.0300,0,
GOLDENBOOT-WC2026,top_scorer,Bukayo Saka,,KXWCGOALLEADER-26-BSAK,0.0300,0,
GOLDENBOOT-WC2026,top_scorer,Bruno Fernandes,,KXWCGOALLEADER-26-BFER,0.0200,0,
GOLDENBOOT-WC2026,top_scorer,Alvaro Morata,,KXWCGOALLEADER-26-AMOR,0.0400,0,
